date,time,startup,iterations,cost_claude,cost_chatgpt,total_cost,run_end_reason
2026-02-17,08:55:27,adversarial_ai_validator,2,0.2188,0.0000,0.2188,CTRL_C
2026-02-17,09:08:38,adversarial_ai_validator,3,0.5359,0.0000,0.5359,CTRL_C
2026-02-17,09:24:05,adversarial_ai_validator,3,0.8017,0.0000,0.8017,CTRL_C
2026-02-17,09:44:15,adversarial_ai_validator,3,0.6236,0.0000,0.6236,CTRL_C
2026-02-17,10:07:02,adversarial_ai_validator,4,0.5496,0.0829,0.6325,CTRL_C
2026-02-17,10:18:37,adversarial_ai_validator,2,0.6850,0.0547,0.7397,QA_ACCEPTED
2026-02-17,10:52:45,wynwood_thoroughbreds,1,0.4057,0.0000,0.4057,BUILD_TRUNCATED
2026-02-17,11:21:55,wynwood_thoroughbreds,3,0.8718,0.0535,0.9253,BUILD_TRUNCATED
2026-02-17,12:25:20,wynwood_thoroughbreds,1,0.5223,0.0609,0.5831,QA_ACCEPTED
2026-02-19,09:05:19,ai_workforce_intelligence,2,0.5529,0.0428,0.5956,QA_ACCEPTED
2026-02-23,08:11:17,ai_workforce_intelligence,1,0.0366,0.0000,0.0366,BUILD_TRUNCATED
2026-02-23,08:53:33,ai_workforce_intelligence,3,1.0603,0.1394,1.1997,QA_ACCEPTED
2026-02-23,15:49:16,ai_workforce_intelligence,2,0.7809,0.0362,0.8171,QA_ACCEPTED
2026-02-24,05:04:17,ai_workforce_intelligence,15,4.9256,0.4746,5.4001,NON_CONVERGING
2026-02-24,15:34:47,ai_workforce_intelligence,9,2.0551,0.0000,2.0551,CTRL_C
2026-02-24,15:54:20,ai_workforce_intelligence,6,1.4363,0.0000,1.4363,CTRL_C
2026-02-24,16:14:58,ai_workforce_intelligence,7,1.4787,0.0000,1.4787,CTRL_C
2026-02-24,16:47:35,ai_workforce_intelligence,9,2.0822,0.0849,2.1671,CTRL_C
2026-02-25,05:37:46,ai_workforce_intelligence,1,0.0000,0.0000,0.0000,CTRL_C
2026-02-25,05:55:24,ai_workforce_intelligence,4,1.2948,0.0927,1.3875,QA_ACCEPTED
2026-02-25,09:03:42,wynwood_thoroughbreds,1,0.0922,0.0000,0.0922,QUESTIONS_DETECTED
2026-02-26,05:18:57,wynwood_thoroughbreds,1,0.6044,0.0649,0.6693,QA_ACCEPTED
2026-02-26,08:36:10,adversarial_ai_validator,1,0.4184,0.0446,0.4630,QA_ACCEPTED
2026-02-26,09:47:04,freelance_invoice_tracker,12,3.6850,0.3055,3.9906,CTRL_C
2026-02-26,11:21:08,freelance_invoice_tracker,4,1.4822,0.1674,1.6496,QA_ACCEPTED
2026-02-26,12:13:26,property_manager_maintenance_scheduler,1,0.5871,0.0648,0.6519,QA_ACCEPTED
